distance_km,trip_duration_min,time_of_day,traffic_level,weather_condition,demand_level,pickup_zone,ride_price
11.86,35.1,morning,medium,snowy,medium,airport,74.07
28.57,60.7,afternoon,high,rainy,medium,airport,152.02
22.23,49.8,morning,low,rainy,high,airport,112.61
18.36,61.5,morning,low,rainy,high,airport,115.95
5.52,16.1,afternoon,low,snowy,high,downtown,32.44
5.52,11.1,night,low,rainy,medium,suburbs,20.48
2.68,5.8,night,low,rainy,high,downtown,12.76
26.12,78.2,morning,low,clear,high,airport,137.97
18.43,37,afternoon,low,rainy,low,downtown,53.08
21.53,48.3,morning,medium,rainy,low,airport,85.59
1.6,4.5,evening,high,snowy,medium,airport,14.62
29.13,88.5,evening,low,snowy,high,downtown,158.52
25.14,74.9,morning,medium,snowy,high,airport,175.08
7.16,16.7,night,medium,snowy,low,suburbs,24.81
6.27,19.2,night,high,snowy,medium,airport,49.15
6.32,14.9,morning,low,snowy,low,suburbs,23.5
9.82,24.4,morning,high,rainy,low,suburbs,37.94
16.22,50.6,evening,low,snowy,low,airport,75.48
13.53,40.2,night,medium,snowy,low,downtown,63.12
9.45,30.9,morning,medium,clear,high,suburbs,45.79
18.74,56,evening,medium,rainy,high,downtown,100.68
5.05,14.4,night,medium,rainy,low,suburbs,22.76
9.47,20.3,afternoon,high,rainy,medium,airport,52.14
11.62,29.6,evening,low,snowy,medium,airport,66.41
14.23,34.1,night,low,snowy,medium,suburbs,55.1
23.77,56.2,night,high,snowy,medium,airport,146.14
6.79,23.5,evening,low,clear,low,suburbs,18.24
15.91,41.2,afternoon,medium,snowy,high,airport,103.02
18.18,60.7,evening,low,clear,medium,downtown,74.83
2.35,6.9,night,medium,rainy,low,airport,15.06
18.62,59.4,morning,high,snowy,medium,downtown,116.58
5.95,16.4,morning,low,clear,medium,airport,28.8
2.89,8.3,evening,high,clear,low,downtown,14.2
28.52,78.1,night,low,snowy,high,airport,175.81
29,66.5,morning,medium,rainy,high,downtown,139.46
24.44,75.4,night,high,rainy,low,suburbs,99.55
9.83,23.8,evening,low,rainy,high,suburbs,39.99
3.83,7.8,morning,medium,clear,low,downtown,8.56
20.84,61.9,night,high,clear,low,airport,94.12
13.76,31.2,morning,high,clear,low,downtown,45.22
4.54,15.5,evening,low,clear,high,airport,33.77
15.36,52.7,night,low,rainy,low,suburbs,53.07
2,6.7,morning,low,snowy,medium,airport,14.73
27.37,69.9,evening,medium,clear,high,suburbs,105.21
8.5,17.2,morning,low,clear,high,airport,38.23
20.21,68.6,morning,high,rainy,high,airport,158.4
10.04,26.5,afternoon,high,snowy,high,airport,82.53
16.08,55.5,afternoon,low,snowy,medium,downtown,82.09
16.85,58.1,evening,low,rainy,high,downtown,91.67
6.36,20.9,afternoon,high,rainy,high,suburbs,41.15
29.12,71.1,evening,medium,snowy,low,suburbs,101.94
23.48,60.5,afternoon,low,clear,high,downtown,92.92
28.25,92.6,morning,low,snowy,medium,suburbs,125.38
26.95,66.7,evening,high,rainy,medium,downtown,132.62
18.34,41.3,evening,low,clear,medium,airport,71.37
27.73,78.6,morning,medium,clear,medium,suburbs,98.6
3.57,12.2,evening,high,rainy,high,suburbs,24.02
6.68,20.3,evening,low,rainy,high,downtown,36.05
2.31,6.6,afternoon,high,rainy,medium,suburbs,15.91
10.43,22.4,evening,low,snowy,medium,suburbs,36.26
12.27,35.9,night,low,snowy,high,airport,81.68
8.87,30.9,morning,low,clear,medium,suburbs,34.73
25.03,55.3,afternoon,medium,rainy,low,airport,98.68
11.35,31.5,afternoon,medium,clear,medium,downtown,44.96
9.15,30.3,night,high,clear,medium,suburbs,41.99
16.74,52.1,morning,low,clear,low,airport,64.42
5.09,15.5,morning,low,clear,low,downtown,17.74
24.26,74.1,afternoon,medium,rainy,high,suburbs,120.6
3.16,8,evening,low,clear,high,downtown,16.79
29.62,72.3,afternoon,medium,rainy,low,suburbs,94.87
23.4,75.2,morning,low,rainy,low,downtown,83.75
6.76,21.7,night,high,snowy,high,downtown,52.79
1.16,3.8,afternoon,low,rainy,medium,airport,15.39
24.65,83.1,morning,low,snowy,low,downtown,102.18
21.5,59.5,afternoon,medium,rainy,high,suburbs,99.41
22.14,60.9,evening,low,rainy,medium,suburbs,82.49
23.37,74.7,afternoon,low,rainy,low,airport,97.84
3.15,9.4,afternoon,medium,snowy,medium,suburbs,24.45
11.4,34.8,morning,high,snowy,high,suburbs,77.93
4.36,13.9,morning,high,clear,low,suburbs,17.02
26.03,86.8,morning,medium,snowy,medium,downtown,135.51
19.08,47.8,afternoon,medium,snowy,low,downtown,72.8
10.6,27.2,evening,medium,snowy,medium,suburbs,47.19
2.84,6.1,night,medium,snowy,high,airport,18.89
10.02,28.7,night,medium,clear,high,downtown,48.77
10.43,21.4,morning,high,snowy,low,airport,51.86
22.16,59.8,morning,high,rainy,medium,suburbs,102.01
19.49,54.8,afternoon,medium,rainy,low,suburbs,67.87
26.73,64.9,night,low,snowy,low,downtown,90.23
14.69,42.4,morning,medium,snowy,medium,suburbs,66.48
4.47,9.1,evening,low,rainy,medium,downtown,18.94
21.68,44.6,evening,medium,rainy,medium,suburbs,75.88
23.06,74.6,morning,medium,clear,high,suburbs,105.72
17.28,43.9,morning,high,rainy,low,downtown,71.52
23.36,51.2,night,low,rainy,low,downtown,74.74
15.32,42.6,night,low,snowy,high,downtown,82.85
16.16,51,afternoon,high,rainy,medium,suburbs,83.96
13.4,31.1,night,high,clear,high,suburbs,59.99
1.74,5.1,evening,high,rainy,high,airport,18.99
4.13,8.8,evening,high,snowy,high,downtown,31.99
1.91,4,morning,low,snowy,low,suburbs,7.73
19.46,54.4,night,low,rainy,high,suburbs,86.51
10.12,28.4,afternoon,medium,snowy,low,downtown,43.09
15.75,46.6,evening,medium,clear,low,airport,63.38
27.32,84.4,evening,high,clear,low,downtown,104.2
8.23,28.5,afternoon,high,rainy,medium,airport,58.22
12.9,35.8,afternoon,high,rainy,low,suburbs,49.72
22.91,56.9,evening,medium,rainy,low,airport,97.3
7.64,24.4,evening,medium,snowy,medium,suburbs,41.46
3.23,7.8,afternoon,medium,clear,low,downtown,12.24
9.4,25,evening,medium,clear,high,downtown,44.98
5.68,12,morning,medium,snowy,high,downtown,32.13
27.96,57,morning,medium,clear,low,airport,90.69
24.44,84.2,afternoon,medium,rainy,medium,suburbs,113.95
19.37,63,night,high,rainy,high,downtown,128.03
26.27,80,afternoon,high,rainy,medium,downtown,136.68
24.31,63.5,afternoon,high,clear,medium,suburbs,94.57
6.41,14.5,night,high,rainy,high,downtown,36.85
26.88,60.1,night,medium,snowy,medium,suburbs,106.15
16.64,39.5,night,low,snowy,high,suburbs,72.54
24.42,69,morning,medium,clear,medium,suburbs,87.43
26.99,82.9,evening,low,snowy,high,suburbs,132.93
10.22,30.6,morning,high,snowy,low,suburbs,46.27
4.19,10.1,evening,medium,clear,high,airport,27.4
7.61,26.1,morning,high,rainy,high,downtown,55.75
13.39,41.6,evening,medium,rainy,high,airport,89.23
24.72,70,morning,high,rainy,high,downtown,147.57
25.96,75.7,night,low,clear,medium,airport,112.53
1.2,3.2,afternoon,low,snowy,low,suburbs,7.91
15.81,37.5,morning,low,rainy,high,downtown,70.03
13.1,33.2,evening,medium,rainy,medium,downtown,57.67
7.44,23.3,night,low,clear,low,airport,33.7
4.48,9.1,morning,medium,rainy,low,airport,19.26
10.79,23.5,morning,low,clear,low,downtown,33.74
28.34,58.6,night,low,snowy,low,airport,109.15
10.37,21.4,morning,medium,clear,high,airport,54.79
16.04,52.7,afternoon,medium,clear,high,airport,95.03
21.39,65.4,morning,low,clear,medium,suburbs,72.7
11.55,31.3,afternoon,medium,clear,medium,suburbs,41.35
29.18,62.6,afternoon,low,snowy,medium,airport,136.44
28.91,79.1,night,medium,snowy,low,airport,136.04
8.3,22.5,morning,high,rainy,low,suburbs,35.55
15.42,34.8,night,high,snowy,high,suburbs,85.37
9.73,25.8,morning,high,snowy,low,downtown,46.44
9.26,24.1,morning,high,rainy,low,downtown,43.18
2.07,6.1,evening,high,snowy,low,suburbs,12.77
18.68,55.2,morning,low,clear,medium,airport,83.59
15.58,32.2,night,high,clear,medium,airport,71.74
2.49,6.4,afternoon,high,rainy,high,airport,21.28
9.08,26.7,morning,high,rainy,low,airport,51.44
27.34,75.3,evening,high,rainy,low,downtown,116.23
7.95,26.1,night,medium,clear,high,suburbs,39.13
5.2,15.5,morning,low,snowy,low,airport,26.11
15.19,34.1,night,high,clear,low,downtown,55.04
29.58,62.3,evening,high,rainy,medium,airport,152.83
8.02,23.8,evening,high,snowy,high,suburbs,50.21
20.49,41.8,night,low,snowy,high,downtown,94.26
23.09,66.5,morning,medium,clear,high,suburbs,99.45
7.89,26.9,afternoon,low,rainy,high,suburbs,41.63
22.12,63.3,evening,medium,clear,medium,downtown,87.55
11.67,30.1,morning,high,snowy,medium,downtown,66.08
19.34,57.3,morning,high,clear,low,downtown,78.18
19.37,52.1,afternoon,low,clear,low,downtown,62
16.54,46.6,evening,low,rainy,low,downtown,54.43
3.62,12.4,evening,medium,rainy,low,downtown,17.31
25.22,65,morning,medium,snowy,medium,downtown,117.49
10.3,35.5,morning,low,clear,high,airport,62.6
6.41,21.5,afternoon,medium,clear,medium,suburbs,22.68
2.18,5,afternoon,low,clear,low,downtown,9.41
18.14,38.2,evening,medium,snowy,medium,airport,92.51
20.65,44.4,night,low,snowy,high,airport,115.84
1.48,3,evening,low,rainy,high,airport,15.09
15.85,33.9,morning,low,rainy,medium,suburbs,53.82
7.57,22.9,evening,medium,rainy,medium,downtown,35.3
19.71,41.5,night,medium,clear,medium,airport,79.34
6.06,15,afternoon,medium,clear,low,suburbs,18.07
21.04,68.7,night,low,rainy,medium,suburbs,83.04
12.22,24.9,night,medium,clear,medium,suburbs,41.4
28.17,90.8,night,medium,rainy,medium,airport,158.33
4.99,12.1,afternoon,low,snowy,high,downtown,31.92
10.89,23.7,night,high,rainy,high,airport,75.66
4.29,13.1,night,low,snowy,low,airport,22.3
27.82,81.9,night,medium,clear,low,downtown,93.63
26.44,87.7,morning,low,rainy,high,downtown,138.13
8.48,26.3,night,high,clear,high,downtown,51.52
20.14,64.6,afternoon,low,snowy,high,suburbs,105.74
24.7,59.8,night,medium,snowy,medium,downtown,113.12
17.1,38.8,night,high,snowy,medium,airport,104.34
16.36,51.1,afternoon,medium,clear,high,downtown,79.53
8.01,25.7,night,high,clear,medium,airport,49.55
3.7,12.9,afternoon,high,clear,medium,suburbs,20.41
27.02,70.8,night,low,clear,low,airport,89.6
27.11,69.3,afternoon,low,snowy,high,airport,158.5
19.36,61.3,night,medium,snowy,high,downtown,118.62
10.83,27.2,night,low,rainy,medium,downtown,42.95
11.13,37.8,morning,low,rainy,high,airport,70.45
22.05,72.5,morning,high,clear,low,downtown,89.79
27.02,71.4,night,low,snowy,low,suburbs,86.72
26.73,83.6,night,high,snowy,low,suburbs,118.4
23.62,74,evening,high,snowy,high,downtown,165.4
